ID;NAME;GENDER_ID
2;Mark Hamill;2
3;Harrison Ford;2
4;Carrie Fisher;1
5;Peter Cushing;2
6;Anthony Daniels;2
10;Bob Peterson;2
12;Alexander Gould;2
13;Albert Brooks;2
14;Ellen DeGeneres;1
18;Brad Garrett;2
19;Allison Janney;1
22;Barry Humphries;2
31;Tom Hanks;2
32;Robin Wright;1
33;Gary Sinise;2
34;Mykelti Williamson;2
35;Sally Field;1
40;Orson Welles;2
48;Sean Bean;2
49;Maria Bello;1
52;David Morse;2
53;Peter Stormare;2
62;Bruce Willis;2
64;Gary Oldman;2
65;Ian Holm;2
73;Alfred Abel;2
74;Gustav Fröhlich;2
75;Brigitte Helm;1
77;Rudolf Klein-Rogge;2
78;Fritz Rasp;2
79;Theodor Loos;0
80;Erwin Biswanger;2
81;Heinrich George;2
82;Olaf Storm;2
85;Johnny Depp;2
99;Amanda Plummer;1
103;Mark Ruffalo;2
109;Elijah Wood;2
110;Viggo Mortensen;2
112;Cate Blanchett;1
113;Christopher Lee;2
114;Orlando Bloom;2
116;Keira Knightley;1
118;Geoffrey Rush;2
130;Kenny Baker;2
131;Jake Gyllenhaal;2
134;Jamie Foxx;2
138;Quentin Tarantino;2
139;Uma Thurman;1
140;Lucy Liu;1
141;David Carradine;2
147;Michael Madsen;2
190;Clint Eastwood;2
192;Morgan Freeman;2
193;Gene Hackman;2
194;Richard Harris;2
204;Kate Winslet;1
205;Kirsten Dunst;1
206;Jim Carrey;2
207;Tom Wilkinson;2
209;Jane Adams;1
212;David Cross;2
227;William Hurt;2
228;Ed Harris;2
245;Keir Dullea;2
246;Gary Lockwood;2
247;William Sylvester;2
248;Daniel Richter;0
249;Leonard Rossiter;2
250;Margaret Tyzack;1
251;Robert Beatty;2
252;Sean Sullivan;2
253;Douglas Rain;2
258;Gael García Bernal;2
259;Vanessa Bauche;0
261;Goya Toledo;1
262;Alvaro Guerrero;0
263;Emilio Echevarría;2
264;Jorge Salinas;2
265;Rodrigo Murray;0
266;Humberto Busto;2
267;Gerardo Campbell;0
268;Rosa María Bianchi;0
280;Terry Gilliam;2
287;Brad Pitt;2
288;Jon Seda;2
289;Madeleine Stowe;1
290;Christopher Plummer;2
291;Frank Gorshin;2
326;Kim Basinger;1
349;Scott Glenn;2
350;Laura Linney;1
378;Jonathan Pryce;2
380;Robert De Niro;2
383;Michael Palin;2
397;Darío Moreno;0
418;Robert Patrick;2
448;Hilary Swank;1
449;Jay Baruchel;2
450;Mike Colter;2
451;Lucia Rijker;0
452;Margo Martindale;1
453;Riki Lindhome;1
504;Tim Robbins;2
514;Jack Nicholson;2
516;Annette Bening;1
518;Danny DeVito;2
521;Michael J. Fox;2
522;Rod Steiger;2
524;Natalie Portman;1
529;Guy Pearce;2
530;Carrie-Anne Moss;1
532;Joe Pantoliano;0
534;Mark Boone Junior;2
535;Russ Fega;0
536;Jorja Fox;1
537;Stephen Tobolowsky;2
538;Harriet Sansom Harris;1
540;Callum Keith Rennie;2
544;Larry Holden;0
569;Ethan Hawke;2
571;Andrea Eckert;1
572;Hanno Pöschl;0
573;Karl Bruckschwaiger;2
574;Tex Rubinowitz;0
585;Rutger Hauer;2
586;Sean Young;1
587;Edward James Olmos;2
588;M. Emmet Walsh;2
589;Daryl Hannah;1
590;William Sanderson;2
591;Brion James;2
592;Joe Turkel;0
593;Joanna Cassidy;1
613;Sumi Shimamoto;0
614;Mahito Tsujimura;0
615;Hisako Kyouda;1
616;Gor? Naya;2
617;Ichir? Nagai;0
618;K?hei Miyauchi;0
622;Y?ji Matsuda;0
623;Mîna Tominaga;0
624;Yoshiko Sakakibara;0
625;Iemasa Kayumi;0
650;Karen Allen;1
652;Paul Freeman;0
653;Ronald Lacey;2
655;John Rhys-Davies;2
656;Denholm Elliott;2
659;Wolf Kahler;2
660;Anthony Higgins;0
661;Vic Tablian;0
662;Don Fellows;0
670;Ben Burtt;0
678;Martina Gedeck;1
680;Corinna Harfouch;1
682;Uwe Ochsenknecht;2
693;Roshan Seth;0
694;Philip Stone;2
723;Patrick Swayze;2
725;Jerry Orbach;2
738;Sean Connery;2
739;Alison Doody;1
740;Julian Glover;2
741;River Phoenix;0
742;Michael Byrne;0
743;Kevork Malikyan;0
744;Robert Eddison;0
781;Paul Reiser;0
819;Edward Norton;2
820;Edward Furlong;2
821;Beverly D'Angelo;1
822;Avery Brooks;2
823;Jennifer Lien;1
824;Ethan Suplee;0
825;Stacy Keach;2
826;Fairuza Balk;0
827;Elliott Gould;2
828;Guy Torry;0
854;James Stewart;2
856;Ben Gazzara;2
862;George C. Scott;2
880;Ben Affleck;2
882;Liv Tyler;1
884;Steve Buscemi;2
920;Jürgen Prochnow;2
923;Dean Stockwell;2
925;Paul Guilfoyle;2
934;Russell Crowe;2
935;Connie Nielsen;1
936;Oliver Reed;2
937;Derek Jacobi;2
938;Djimon Hounsou;2
939;David Schofield;0
940;John Shrapnel;0
941;Tomas Arana;2
954;Marisa Paredes;1
973;Jason Flemyng;2
974;Dexter Fletcher;0
975;Nick Moran;2
976;Jason Statham;2
978;Steven Mackintosh;0
980;Vinnie Jones;0
982;Sting;0
984;Nicholas Rowe;0
987;Lenny McLean;0
989;P.H. Moriarty;0
1003;Jean Reno;2
1004;Danny Aiello;2
1005;Peter Appel;0
1010;Michael Badalucco;0
1019;Mads Mikkelsen;2
1032;Martin Scorsese;2
1036;Cybill Shepherd;1
1037;Harvey Keitel;2
1038;Jodie Foster;1
1039;Peter Boyle;2
1040;Leonard Harris;0
1041;Diahnne Abbott;1
1043;Gino Ardito;0
1062;Christopher Lloyd;2
1063;Lea Thompson;1
1064;Crispin Glover;2
1065;Thomas F. Wilson;2
1066;Claudia Wells;1
1067;Marc McClure;2
1068;Wendie Jo Sperber;0
1069;George DiCenzo;0
1070;Frances Lee McCain;1
1086;Heino Ferch;2
1100;Arnold Schwarzenegger;2
1101;Carl Weathers;0
1115;Stephen Graham;2
1116;Alan Ford;2
1117;Dennis Farina;0
1118;Rade Serbedzija;2
1119;Robbie Gee;0
1120;Lennie James;0
1121;Benicio del Toro;2
1125;Ewen Bremner;2
1146;Julie Delpy;1
1158;Al Pacino;2
1159;Steven Bauer;0
1160;Michelle Pfeiffer;1
1161;Mary Elizabeth Mastrantonio;1
1162;Robert Loggia;2
1163;Miriam Colón;1
1164;F. Murray Abraham;2
1165;Paul Shenar;0
1166;Harris Yulin;2
1167;Ángel Salazar;2
1173;Mark Margolis;2
1205;Richard Gere;2
1206;Jason Alexander;2
1229;Jeff Bridges;2
1230;John Goodman;2
1231;Julianne Moore;1
1232;David Huddleston;2
1233;Philip Seymour Hoffman;2
1234;Tara Reid;1
1237;Flea;0
1241;John Turturro;2
1243;Woody Allen;2
1245;Scarlett Johansson;1
1246;Emily Mortimer;1
1273;Jack Kehoe;0
1276;Patricia Clarkson;1
1283;Helena Bonham Carter;1
1294;Missi Pyle;1
1327;Ian McKellen;2
1328;Sean Astin;2
1329;Billy Boyd;2
1330;Dominic Monaghan;2
1331;Hugo Weaving;2
1333;Andy Serkis;2
1337;Tony Leung Chiu-Wai;2
1338;Maggie Cheung;1
1370;Brad Dourif;2
1466;Charles Durning;2
1470;Wayne Duvall;0
1532;Bill Murray;2
1533;Andie MacDowell;0
1534;Chris Elliott;2
1535;Brian Doyle-Murray;2
1537;Angela Paton;1
1538;Rick Ducommun;0
1539;Rick Overton;0
1540;Robin Duke;0
1542;Willie Garson;2
1578;Holmes Osborne;0
1579;Maggie Gyllenhaal;1
1580;Daveigh Chase;1
1581;Mary McDonnell;1
1582;James Duval;2
1640;Stellan Skarsgård;2
1653;Jean-Pierre Léaud;2
1654;Claire Maurier;0
1655;Albert Rémy;0
1656;Guy Decomble;0
1658;Georges Flamant;2
1659;Patrick Auffay;0
1660;Robert Beauvais;0
1661;Yvonne Claudie;0
1662;Pierre Repp;0
1709;Jack Davenport;2
1710;Lee Arenberg;2
1711;Mackenzie Crook;2
1733;Nick Nolte;2
1736;James Remar;2
1810;Heath Ledger;2
1812;Michelle Williams;1
1813;Anne Hathaway;1
1818;Paul Winfield;2
1821;Michael Elphick;0
1837;Susan Vidler;0
1844;Til Schweiger;2
1892;Matt Damon;2
1893;Casey Affleck;2
1896;Don Cheadle;2
1923;Robbie Coltrane;2
1925;Vincent Cassel;2
1936;Martin Balsam;2
1953;Casey Siemaszko;0
1957;Sophie Marceau;1
1979;Kevin Spacey;2
1990;Brian Howe;0
2037;Cillian Murphy;2
2039;Brendan Gleeson;2
2053;Bill Paxton;2
2059;Adam Baldwin;2
2090;Kirk Douglas;2
2091;James Mason;0
2094;Peter Lorre;2
2112;Brock Peters;2
2130;Cary Elwes;2
2154;Scott Bakula;0
2155;Thora Birch;1
2157;Robin Williams;2
2169;Michael Jeter;0
2170;Marc Duret;0
2176;Tommy Lee Jones;2
2178;Forest Whitaker;2
2179;Suzy Amis;1
2201;Max von Sydow;2
2223;Fred Savage;2
2229;Catherine Keener;1
2231;Samuel L. Jackson;2
2232;Michael Keaton;2
2264;Patrick Magee;2
2265;Adrienne Corri;1
2267;Michael Bates;2
2268;Warren Clarke;2
2270;James Marcus;0
2271;Michael Tarn;2
2272;Carl Duering;0
2273;Paul Farrell;0
2274;Miriam Karlin;0
2279;Godfrey Quigley;0
2282;Ben Kingsley;2
2283;Stanley Tucci;2
2310;Bruno Ganz;2
2314;Peter Falk;2
2319;Maria de Medeiros;0
2349;Bernd Tauber;2
2350;Helene Weigel;2
2387;Patrick Stewart;2
2395;Whoopi Goldberg;1
2405;Audrey Tautou;1
2406;Mathieu Kassovitz;2
2407;Rufus;2
2408;Jamel Debbouze;0
2409;Lorella Cravotta;0
2411;Clotilde Mollet;1
2412;Isabelle Nanty;0
2413;Dominique Pinon;0
2414;Artus de Penguern;2
2415;Yolande Moreau;0
2449;Kevin McNally;2
2461;Mel Gibson;2
2462;Catherine McCormack;0
2463;Patrick McGoohan;0
2464;Angus Macfadyen;2
2465;James Robinson;0
2467;James Cosmo;0
2468;Sean McGinley;0
2469;Gerda Stevenson;0
2505;James Cromwell;2
2524;Tom Hardy;2
2535;Vivica A. Fox;1
2537;Sonny Chiba;2
2538;Chiaki Kuriyama;1
2539;Julie Dreyfus;0
2565;Yves Montand;2
2566;Charles Vanel;0
2567;Peter van Eyck;2
2568;Folco Lulli;0
2569;Véra Clouzot;0
2570;Antonio Centa;0
2572;Luis De Lima;0
2573;Jo Dest;0
2576;William Tubbs;0
2598;Sophie Okonedo;0
2599;Ofentse Modiselle;0
2600;Mathabo Pieterson;0
2602;Desmond Dube;0
2603;Hakeem Kae-Kazim;0
2607;Fana Mokoena;0
2628;Kiefer Sutherland;2
2630;Nastassja Kinski;1
2638;Cary Grant;2
2639;Eva Marie Saint;1
2640;Jessie Royce Landis;1
2641;Martin Landau;2
2642;Leo G. Carroll;0
2643;Josephine Hutchinson;0
2644;Philip Ober;0
2645;Adam Williams;0
2651;Edward Binns;0
2680;Donnie Wahlberg;2
2712;Michael Biehn;2
2713;Linda Hamilton;1
2714;Lance Henriksen;2
2715;Bess Motta;1
2716;Earl Boen;2
2717;Rick Rossovich;0
2719;Brian Thompson;2
2745;Doreen Lang;1
2752;Jo Van Fleet;0
2758;Timothy Carey;0
2778;Dennis Hopper;0
2782;Ian Wolfe;2
2843;Rob Campbell;0
2882;Diane Lane;1
2896;Marlene Dietrich;1
2926;Elsa Lanchester;1
2929;Una O'Connor;1
2955;Chris Cooper;2
2969;Chris Penn;0
2975;Laurence Fishburne;2
3001;Conrad Veidt;2
3026;Rob Reiner;2
3033;Wil Wheaton;0
3034;Corey Feldman;2
3035;Jerry O'Connell;2
3036;John Cusack;2
3037;Richard Dreyfuss;0
3039;Bradley Gregg;0
3041;Marshall Bell;2
3051;Toni Collette;1
3052;Rachel Griffiths;1
3061;Ewan McGregor;2
3064;Peter Mullan;2
3084;Marlon Brando;2
3085;James Caan;2
3086;Richard S. Castellano;0
3087;Robert Duvall;2
3088;Sterling Hayden;2
3090;Richard Conte;2
3091;Al Lettieri;2
3092;Diane Keaton;1
3094;Talia Shire;1
3096;John Cazale;2
3129;Tim Roth;2
3142;John Marley;0
3149;Marilyn Monroe;1
3150;Tony Curtis;2
3151;Jack Lemmon;0
3152;George Raft;2
3155;Pat O'Brien;0
3156;Joe E. Brown;0
3160;Nehemiah Persoff;0
3161;Joan Shawlee;0
3163;George E. Stone;2
3171;Lee Strasberg;2
3172;Michael V. Gazzo;2
3173;G. D. Spradlin;2
3174;Richard Bright;2
3197;Tom Sizemore;2
3206;Kirk Baltz;0
3229;Arliss Howard;2
3234;Joan Cusack;1
3265;Eli Wallach;0
3292;Nicholas Hoult;2
3339;Elisha Cook Jr.;2
3359;Laurence Olivier;2
3360;Joan Fontaine;1
3361;George Sanders;2
3362;Judith Anderson;1
3363;Nigel Bruce;0
3364;Reginald Denny;0
3366;Gladys Cooper;0
3367;Florence Bates;1
3368;Leonard Carey;0
3380;Bette Davis;1
3383;Thomas Mitchell;0
3490;Adrien Brody;2
3491;Thomas Kretschmann;2
3497;Kyle Chandler;2
3556;Roman Polanski;2
3618;Darío Grandinetti;2
3636;Paul Newman;2
3641;Vaughn Taylor;2
3710;Jaimz Woolvett;0
3711;Anna Levine;1
3712;Saul Rubinek;2
3713;Frances Fisher;1
3714;David Mucci;0
3735;Dominik Castell;0
3737;Harold Waiglein;0
3738;Haymon Maria Buttinger;0
3799;Billy Dee Williams;0
3801;Tracey Walter;0
3810;Javier Bardem;2
3813;Alex Angulo;2
3872;Daniel Brühl;2
3894;Christian Bale;2
3895;Michael Caine;2
3896;Liam Neeson;2
3897;Katie Holmes;1
3899;Ken Watanabe;2
3905;William H. Macy;2
3906;Kristin Rudrüd;1
3907;Harve Presnell;0
3908;Tony Denman;2
3909;Gary Houston;0
3910;Frances McDormand;1
3911;John Carroll Lynch;2
3912;Sally Wingert;0
3926;Albert Finney;0
3930;Phoebe Nicholls;1
3970;Erwin Leder;2
3977;Joe Morton;2
3978;S. Epatha Merkerson;1
3979;Castulo Guerra;2
3980;Danny Cooksey;0
3981;Jenette Goldstein;1
3999;Tom Hulce;2
4000;Elizabeth Berridge;1
4001;Simon Callow;2
4002;Roy Dotrice;2
4003;Christine Ebersole;1
4004;Jeffrey Jones;2
4005;Barbara Bryne;0
4029;Bob Gunton;2
4070;Grace Kelly;0
4078;Lee Van Cleef;2
4090;Shirley MacLaine;1
4091;Fred MacMurray;0
4093;Ray Walston;0
4094;Jack Kruschen;2
4096;Naomi Stevens;0
4097;Hope Holiday;0
4098;Edie Adams;0
4099;Johnny Seven;0
4110;Humphrey Bogart;2
4111;Ingrid Bergman;1
4112;Paul Henreid;2
4113;Claude Rains;0
4114;Sydney Greenstreet;2
4116;Madeleine Lebeau;1
4117;Dooley Wilson;2
4119;John Qualen;0
4135;Robert Redford;2
4139;Tom Skerritt;2
4173;Anthony Hopkins;2
4303;Ward Bond;0
4430;Sharon Stone;1
4443;Christopher McDonald;2
4457;Thomas Bo Larsen;2
4464;Bjarne Henriksen;2
4512;James Woods;2
4513;Elizabeth McGovern;1
4514;Tuesday Weld;1
4515;Treat Williams;2
4516;James Hayden;0
4517;Joe Pesci;2
4521;Burt Young;2
4566;Alan Rickman;2
4661;Benito Stefanelli;0
4690;Christopher Walken;2
4692;Frank Adonis;2
4726;Marcia Gay Harden;1
4756;Matthew Broderick;2
4765;Jason Robards;2
4783;Sam Neill;2
4784;Laura Dern;1
4785;Jeff Goldblum;2
4786;Richard Attenborough;2
4787;Joseph Mazzello;2
4788;Ariana Richards;0
4789;Bob Peck;0
4790;Martin Ferrero;0
4808;Giancarlo Esposito;2
4818;Roberto Benigni;2
4924;Martin Semmelrogge;2
4935;Pete Postlethwaite;2
4937;Vince Vaughn;2
4940;Trevor Morgan;0
4958;Henry Fonda;2
4959;Claudia Cardinale;1
4960;Charles Bronson;2
4961;Gabriele Ferzetti;2
4962;Paolo Stoppa;2
4963;Woody Strode;0
4965;Jack Elam;2
4966;Keenan Wynn;2
4968;Frank Wolff;0
5004;Omar Sharif;0
5047;Veronica Cartwright;1
5048;Harry Dean Stanton;2
5049;John Hurt;2
5050;Yaphet Kotto;0
5051;Bolaji Badejo;0
5052;Helen Horton;1
5064;Meryl Streep;1
5149;Bonnie Hunt;1
5151;Beth Grant;1
5168;Gabriel Byrne;0
5170;Mike Starr;2
5182;John Williams;2
5228;Herbert Grönemeyer;2
5229;Klaus Wennemann;2
5230;Hubertus Bengsch;2
5232;Martin May;2
5233;Heinz Hoenig;2
5247;John Fiedler;2
5248;Lee J. Cobb;2
5249;E.G. Marshall;2
5250;Jack Klugman;2
5251;Jack Warden;2
5252;Joseph Sweeney;0
5286;Jonathan Filley;0
5293;Willem Dafoe;2
5294;Chiwetel Ejiofor;2
5401;Anthony Quinn;0
5402;Giulietta Masina;1
5404;Aldo Silvani;0
5409;Mario Passante;0
5418;Hubert Koundé;0
5419;Saïd Taghmaoui;0
5420;Abdel Ahmed Ghili;2
5424;Héloïse Rauth;0
5441;Edouard Montoute;2
5442;Benoît Magimel;0
5464;Billy Gilbert;2
5469;Ralph Fiennes;2
5538;Ray Winstone;2
5563;James Coburn;0
5576;Val Kilmer;2
5606;Sissy Spacek;0
5644;Alexandra Maria Lara;1
5659;Seu Jorge;2
5676;Marcello Mastroianni;2
5682;Anouk Aimée;0
5683;Sandra Milo;0
5684;Rossella Falk;0
5685;Barbara Steele;1
5686;Caterina Boratto;0
5687;Eddra Gale;0
5688;Guido Alberti;2
5729;Kim Novak;1
5730;Barbara Bel Geddes;1
5731;Tom Helmore;2
5732;Henry Jones;2
5737;Raymond Bailey;2
5738;Ellen Corby;1
5739;Konstantin Shayne;2
5740;Lee Patrick;1
5789;Horst Buchholz;0
5813;Aldo Giuffrè;0
5814;Luigi Pistilli;2
5815;Rada Rassimov;0
5816;John Bartha;2
5817;Livio Lorenzon;0
5818;Antonio Casale;0
5819;Angelo Novi;0
6122;Anne Louise Hassing;0
6161;Jennifer Connelly;1
6162;Paul Bettany;2
6163;Adam Goldberg;2
6164;Josh Lucas;0
6165;Anthony Rapp;2
6166;Jason Gray-Stanford;2
6167;Judd Hirsch;2
6168;Austin Pendleton;0
6193;Leonardo DiCaprio;2
6200;Diane Venora;0
6217;Anupam Kher;0
6355;Roy Scheider;2
6368;Embeth Davidtz;1
6383;Aaron Eckhart;2
6384;Keanu Reeves;2
6394;John Lurie;0
6396;Richard Edson;0
6450;Faye Dunaway;1
6486;Dan Hedaya;0
6487;Richard Roundtree;2
6497;Naseeruddin Shah;2
6573;William Sadler;2
6574;Clancy Brown;2
6575;Gil Bellows;2
6576;Mark Rolston;0
6577;James Whitmore;0
6579;Brian Delate;0
6587;Diane Ladd;1
6593;John Huston;2
6600;Peter Bull;2
6613;Minnie Driver;1
6614;Cole Hauser;2
6615;John Mighton;0
6616;Rachel Majorowski;0
6617;Colleen McCauley;0
6637;Frank Finlay;2
6638;Maureen Lipman;1
6639;Emilia Fox;1
6640;Ed Stoppard;2
6641;Julia Rayner;0
6642;Jessica Kate Meyer;0
6643;Michal Zebrowski;2
6644;Wanja Mues;0
6649;Gunnar Björnstrand;2
6656;Bengt Ekerot;0
6657;Bibi Andersson;1
6658;Nils Poppe;2
6659;Inga Gill;1
6660;Maud Hansson;0
6661;Inga Landgré;1
6662;Gunnel Lindblom;1
6663;Bertil Anderberg;0
6665;Åke Fridell;2
6677;Kyle MacLachlan;2
6692;Caroline Goodall;0
6693;Jonathan Sagall;0
6694;Malgorzata Gebel;1
6695;Shmuel Levy;0
6696;Mark Ivanir;0
6697;Béatrice Macola;0
6751;Siobhan Fallon;1
6804;Graham Greene;2
6806;Doug Hutchison;0
6807;Sam Rockwell;0
6832;Melissa Leo;1
6838;Frank Overton;0
6856;Kurt Russell;2
6858;Mike Vogel;2
6863;Kevin Dillon;0
6885;Charlize Theron;1
6930;Diane Baker;0
6937;Lawrence Tierney;0
6938;Randy Brooks;0
6939;Edward Bunker;2
6944;Octavia Spencer;1
6952;Charlie Sheen;2
6968;Hugh Jackman;2
7004;Paul Sorvino;0
7036;Eric Stoltz;2
7056;Emma Thompson;1
7071;Louise Fletcher;1
7072;William Redfield;0
7073;Michael Berryman;2
7075;Dean R. Brooks;2
7077;Scatman Crothers;2
7124;Ray Milland;2
7125;Robert Cummings;0
7132;Vincent D'Onofrio;2
7164;Frank Vincent;2
7165;Pasquale Cajano;0
7166;Kevin Pollak;2
7167;Don Rickles;2
7169;Alan King;0
7219;David Andrews;0
7244;Julian Arahanga;0
7301;Anthony Perkins;2
7302;Janet Leigh;1
7303;Vera Miles;1
7304;John Gavin;0
7447;Alec Baldwin;2
7450;Toshir? Mifune;2
7451;Machiko Kyô;0
7452;Masayuki Mori;2
7453;Takashi Shimura;2
7454;Minoru Chiaki;0
7455;Kichijirô Ueda;2
7456;Noriko Honma;0
7457;Daisuke Katô;0
7470;Meat Loaf;2
7471;Zach Grenier;2
7472;Richmond Arquette;0
7487;David Bowie;2
7497;Holt McCallany;2
7498;Eion Bailey;2
7499;Jared Leto;2
7642;Barbara O'Neil;0
7663;Teresa Wright;1
7664;Joseph Cotten;2
7666;Henry Travers;0
7672;Reginald VelJohnson;2
7673;Bonnie Bedelia;1
7674;Alexander Godunov;0
7675;Paul Gleason;2
7676;William Atherton;2
7677;De'voreaux White;0
7678;Hart Bochner;0
7682;Anthony Dawson;2
7683;Wendell Corey;0
7684;Thelma Ritter;0
7685;Raymond Burr;2
7686;Judith Evelyn;1
7803;Christian Berkel;0
7904;Billy Crystal;2
7905;Mary Gibbs;0
7906;Jennifer Tilly;1
7907;John Ratzenberger;0
7908;Frank Oz;2
7911;Joe Ranft;0
7960;Jerome Ranft;0
8196;Ulrich Mühe;0
8197;Sebastian Koch;2
8198;Ulrich Tukur;2
8199;Thomas Thieme;2
8200;Hans-Uwe Bauer;2
8201;Volkmar Kleinert;2
8202;Matthias Brenner;0
8203;Bastian Trost;0
8204;Charly Hübner;2
8210;Wes Bentley;2
8211;Mena Suvari;1
8212;Peter Gallagher;2
8213;Sam Robards;2
8214;Barry Del Sherman;2
8252;William Holden;2
8260;Strother Martin;0
8262;L.Q. Jones;0
8289;Billy Crudup;2
8293;Marion Cotillard;1
8294;Robert Guillaume;2
8349;Martin Sheen;2
8350;Sam Bottoms;0
8351;Frederic Forrest;2
8354;Albert Hall;2
8475;Anatoliy Solonitsyn;0
8487;Gregory Peck;2
8488;Mary Badham;0
8489;Phillip Alford;0
8490;John Megna;2
8492;Rosemary Murphy;0
8494;Estelle Evans;0
8497;Collin Wilcox Paxton;1
8498;James Anderson;2
8515;Jane Darwell;0
8516;John Carradine;2
8517;Charley Grapewin;0
8518;Dorris Bowdon;0
8519;Russell Simpson;0
8520;O.Z. Whitehead;2
8521;Eddie Quillan;0
8522;Zeffie Tilbury;1
8555;Carl Gottlieb;2
8595;Alexandre Rodrigues;2
8596;Leandro Firmino;2
8597;Phellipe Haagensen;2
8598;Douglas Silva;2
8599;Jonathan Haagensen;2
8600;Matheus Nachtergaele;2
8601;Jefechander Suplino;0
8602;Alice Braga;1
8603;Roberta Rodrigues;1
8606;Robert Shaw;0
8607;Lorraine Gary;0
8608;Murray Hamilton;0
8609;Jeffrey Kramer;0
8610;Susan Backlinie;0
8611;Chris Rebello;2
8629;Gloria Swanson;1
8630;Erich von Stroheim;0
8631;Nancy Olson;0
8632;Fred Clark;2
8633;Lloyd Gough;0
8634;Jack Webb;0
8635;Buster Keaton;2
8636;Cecil B. DeMille;2
8637;Hedda Hopper;0
8654;Matthew Modine;2
8655;R. Lee Ermey;2
8656;Dorian Harewood;0
8657;Kevyn Major Howard;0
8658;Ed O'Ross;0
8659;John Terry;2
8664;Bruce Boa;2
8691;Zoe Saldana;1
8725;Olivia de Havilland;1
8728;Eugene Pallette;2
8729;Alan Hale;2
8741;Victor Sjöström;2
8742;Ingrid Thulin;1
8743;Jullan Kindahl;0
8744;Gunnar Sjöberg;0
8745;Ann-Marie Wiman;0
8783;Eric Bana;2
8785;Ciarán Hinds;2
8789;Mathieu Amalric;2
8796;Ulrich Matthes;0
8797;Juliane Köhler;1
8799;Ulrich Noethen;0
8857;Debbie Reynolds;1
8873;Annie Potts;1
8891;John Travolta;2
8930;John Cleese;0
8962;Luke Askew;0
9012;Jonny Lee Miller;0
9013;Kevin McKidd;2
9015;Kelly Macdonald;1
9016;Eileen Nicholas;0
9029;Stephen Rea;2
9045;Stephen Baldwin;2
9046;Chazz Palminteri;2
9066;Judy Garland;1
9067;Frank Morgan;2
9068;Ray Bolger;0
9069;Bert Lahr;2
9070;Jack Haley;0
9071;Billie Burke;1
9072;Margaret Hamilton;1
9073;Clara Blandick;0
9087;George O'Brien;0
9088;Janet Gaynor;1
9089;Margaret Livingston;0
9090;Bodil Rosing;0
9091;J. Farrell MacDonald;2
9092;Ralph Sipperly;0
9093;Jane Winton;1
9094;Arthur Housman;0
9095;Eddie Boland;0
9096;Gino Corrado;0
9126;Edward Fox;0
9138;Gemma Jones;1
9221;Donald Pleasence;2
9235;Nicoletta Braschi;0
9236;Giorgio Cantarini;0
9237;Giustino Durano;0
9238;Amerigo Fontani;0
9239;Sergio Bini Bustric;0
9240;Lidia Alfonsi;0
9241;Pietro De Silva;0
9273;Amy Adams;1
9274;James Brolin;2
9275;Frank John Hughes;2
9276;Steve Eastin;2
9278;Jennifer Garner;1
9364;Gloria Foster;1
9372;Marcus Chong;0
9380;Paul Goddard;0
9560;Ellen Burstyn;1
9562;Marlon Wayans;2
9565;Louise Lasser;1
9594;Katharine Ross;0
9596;Jeff Corey;0
9597;George Furth;0
9599;Cloris Leachman;1
9600;Ted Cassidy;0
9601;Kenneth Mars;0
9640;Haley Joel Osment;2
9642;Jude Law;2
9824;Diane Kruger;1
9857;Karl Malden;2
9862;Pat Henning;0
9865;Leif Erickson;0
9866;James Westerfield;0
9874;Bernard Lee;2
9892;Hunter Carson;0
9893;Aurore Clément;0
9894;Bernhard Wicki;0
10017;Charlton Heston;2
10018;Jack Hawkins;2
10019;Haya Harareet;0
10020;Stephen Boyd;0
10021;Hugh Griffith;0
10022;Martha Scott;0
10023;Cathy O'Donnell;1
10024;Sam Jaffe;0
10025;Frank Thring;0
10026;Ady Berber;2
10029;André Morell;2
10083;Beatrice Straight;0
10112;Yoo Ji-tae;2
10127;Jon Voight;2
10138;Brian Haley;0
10182;Ving Rhames;2
10205;Sigourney Weaver;1
10206;Carrie Henn;0
10207;William Hope;0
10208;Al Matthews;2
10297;Matthew McConaughey;2
10409;Shelley Duvall;0
10410;Danny Lloyd;0
10411;Barry Nelson;0
10412;Anne Jackson;0
10477;George Dzundza;2
10530;Joe Keaton;0
10531;Kitty Bradbury;0
10538;Vivien Leigh;0
10555;Tony Roberts;2
10556;Carol Kane;1
10557;Paul Simon;0
10558;Janet Margolin;1
10559;Colleen Dewhurst;0
10560;Donald Symington;2
10606;Anne Baxter;1
10607;Celeste Holm;1
10608;Gary Merrill;2
10609;Hugh Marlowe;0
10610;Gregory Ratoff;0
10611;Barbara Bates;1
10694;Glenn Fitzgerald;0
10707;Terry Jones;2
10713;Eric Idle;2
10722;Graham Chapman;2
10730;Rowan Atkinson;2
10732;Terence Bayler;0
10733;Carol Cleveland;0
10734;Kenneth Colley;0
10774;Anne Bancroft;1
10779;David Calder;0
10882;Rosamund Pike;1
10921;Charles Laughton;0
10922;Tyrone Power;2
10924;Henry Daniell;0
10925;Torin Thatcher;0
10926;Norma Varden;0
10978;Maggie Smith;1
10980;Daniel Radcliffe;2
10989;Rupert Grint;2
10990;Emma Watson;1
11025;Agnes Moorehead;1
11026;Ruth Warrick;0
11028;George Coulouris;0
11029;Dorothy Comingore;0
11030;William Alland;0
11033;Paul Stewart;2
11064;David Strathairn;2
11065;Wilford Brimley;0
11066;Hal Holbrook;2
11074;Kathy Najimy;0
11128;Arthur Kennedy;0
11148;Joan Allen;1
11275;Stephen Fry;2
11276;Tim Pigott-Smith;2
11277;Natasha Wightman;0
11278;Rupert Graves;2
11279;Roger Allam;2
11280;Ben Miles;2
11282;John Standing;0
11315;Noah Emmerich;2
11317;Natascha McElhone;1
11318;Holland Taylor;1
11321;Heidi Schanz;0
11390;Peter O'Toole;2
11398;Cary-Hiroyuki Tagawa;2
11439;Hoagy Carmichael;1
11477;Ray Liotta;0
11478;Lorraine Bracco;0
11479;Chuck Low;0
11480;Frank Sivero;2
11482;Tony Darrow;0
11484;Suzanne Shepherd;1
11492;Clark Gable;2
11493;Leslie Howard;0
11494;Evelyn Keyes;0
11495;Ann Rutherford;0
11496;George Reeves;0
11497;Fred Crane;0
11589;Maria Falconetti;0
11590;Eugene Silvain;0
11591;André Berley;0
11595;Antonin Artaud;0
11596;Jean d'Yd;0
11597;Louis Ravet;0
11598;Armand Lurville;0
11599;Jacques Arnna;0
11600;Alexandre Mihalesco;2
11601;Léon Larive;0
11616;Olivia Williams;1
11617;Mischa Barton;1
11621;Bruce Norris;0
11663;Patrick Fugit;2
11703;Kerry Washington;1
11849;Rohini Hattangadi;0
11850;Candice Bergen;0
11851;Om Puri;0
11854;Ian Charleson;0
11856;Daniel Day-Lewis;2
11857;John Gielgud;2
11859;John Mills;2
11885;John C. McGinley;2
11886;Francesco Quinn;0
11916;Liv Ullmann;1
11917;Margaretha Krook;1
11918;Jörgen Lindström;0
12041;Julia Stiles;1
12052;Gwyneth Paltrow;1
12122;Ron Rifkin;2
12133;Laurie Metcalf;1
12147;Spencer Tracy;2
12149;Richard Widmark;0
12150;Maximilian Schell;2
12151;Montgomery Clift;2
12152;Werner Klemperer;0
12153;Torben Meyer;0
12206;Richard Roxburgh;0
12248;Alec Guinness;2
12249;Sessue Hayakawa;2
12250;James Donald;2
12251;Geoffrey Horne;0
12252;Peter Williams;0
12266;Simone Signoret;1
12267;Paul Meurisse;0
12268;Jean Brochard;0
12269;Pierre Larquey;0
12270;Michel Serrault;0
12271;Thérèse Dorny;1
12272;Noël Roquevert;0
12273;Yves-Marie Maurin;0
12295;Perry Lopez;0
12296;John Hillerman;2
12298;Roy Jenson;0
12299;Richard Bakalyan;2
12312;Richard Anderson;0
12322;Ellen Widmann;0
12323;Inge Landgut;0
12324;Otto Wernicke;0
12325;Gustaf Gründgens;0
12326;Friedrich Gnaß;0
12422;Dennis Weaver;0
12446;Peter Sellers;2
12462;Rebecca Pan;0
12463;Kelly Lai Chen;0
12464;Chan Man-Lei;0
12465;Koo Kam-Wah;0
12485;Jack Creley;0
12500;Patricia Hitchcock;0
12515;José Ferrer;0
12517;Freddie Jones;0
12645;Jeffrey DeMunn;0
12670;Takuya Kimura;2
12674;Siu Ping-Lam;0
12726;Trevor Howard;2
12833;Edward Burns;2
12834;Barry Pepper;2
12838;Joerg Stadler;2
12852;Barry Corbin;2
12898;Tim Allen;2
12899;Jim Varney;0
12900;Wallace Shawn;0
12901;Erik von Detten;2
12950;George Kennedy;2
13022;Tom Berenger;2
13240;Mark Wahlberg;2
13242;Paul Giamatti;2
13294;Gene Kelly;2
13295;Donald O'Connor;2
13296;Jean Hagen;0
13297;Millard Mitchell;0
13298;Douglas Fowley;0
13299;Rita Moreno;1
13325;Wendy Hiller;0
13328;Corin Redgrave;2
13376;Erich Ponto;0
13420;Ellen Greene;1
13524;Christopher Guest;0
13565;Steve McQueen;2
13566;Edward G. Robinson;2
13576;Fredric March;2
13577;Myrna Loy;1
13578;Dana Andrews;2
13579;Virginia Mayo;1
13580;Harold Russell;2
13706;Ivan Lapikov;0
13707;Nikolai Sergeyev;2
13708;Irma Raush;1
13709;Nikolay Burlyaev;2
13710;Yuriy Nazarov;2
13726;Ned Beatty;0
13784;Burt Lancaster;2
13848;Charlie Chaplin;2
13852;Virginia Cherrill;1
13853;Florence Lee;0
13854;Harry Myers;2
13855;Al Ernest Garcia;2
13856;Hank Mann;2
13869;Morgan Woodward;0
13871;Lou Antonio;0
13872;Robert Drivas;0
13936;Frankie Faison;2
13992;Mary Astor;1
14027;Paulette Goddard;1
14028;Jack Oakie;2
14029;Reginald Gardiner;0
14030;Grace Hayle;0
14032;Maurice Moscovitch;0
14035;Paul Weigel;0
14063;Simon Oakland;0
14079;Sunil Dutt;0
14120;Paul Hörbiger;2
14253;Slim Pickens;0
14276;Gian Maria Volonté;0
14277;Klaus Kinski;0
14280;Panos Papadopulos;0
14364;Erskine Sanford;0
14371;Anthony Quayle;2
14372;Donald Wolfit;0
14417;Marion Mack;0
14419;Glen Cavender;0
14420;Jim Farley;0
14421;Frederick Vroom;0
14422;Charles Henry Smith;0
14424;Frank Barnes;0
14425;Mike Donlin;0
14426;Tom Nawn;0
14434;Georgia Hale;0
14435;Mack Swain;2
14437;Tom Murray;0
14438;Henry Bergman;0
14439;Malcolm Waite;0
14450;Gladys George;1
14451;Barton MacLane;0
14452;Jerome Cowan;0
14517;Tim Holt;0
14518;Ray Collins;0
14541;Chris Sarandon;0
14542;James Broderick;0
14543;William Bogert;2
14544;Penelope Allen;1
14545;Sully Boyar;0
14546;Beulah Garrick;0
14548;Marcia Jean Kurtz;0
14562;Ralph Meeker;0
14563;Adolphe Menjou;0
14564;George Macready;0
14565;Wayne Morris;2
14592;BD Wong;2
14702;Cathy Moriarty;1
14721;Kevin Dunn;0
14723;Vicki Lewis;1
14730;Angela Lansbury;1
14833;Harold Gould;0
14887;Paddy Considine;0
14892;Rosemarie DeWitt;1
14974;Barbara Stanwyck;1
14975;Porter Hall;0
14976;Richard Gaines;0
14977;Jean Heather;0
14978;Tom Powers;0
14979;Fortunio Bonanova;0
15048;Robby Benson;2
15152;James Earl Jones;0
15385;Alida Valli;0
15386;Siegfried Breuer;0
15387;Wilfrid Hyde-White;2
15411;T. K. Carter;0
15412;David Clennon;0
15413;Richard Dysart;2
15414;Charles Hallahan;2
15415;Peter Maloney;2
15416;Richard Masur;2
15417;Donald Moffat;2
15555;Piper Perabo;1
15556;Rebecca Hall;1
15824;Chris Mulkey;0
15833;Douglas Seale;0
15851;Amy Brenneman;1
15852;Ashley Judd;1
15854;Ted Levine;2
16293;Anthony Heald;2
16318;Mario Brega;0
16431;Sam Elliott;2
16483;Sylvester Stallone;2
16502;Geraldine Hughes;0
16504;Tony Burton;0
16508;Pedro Lovell;0
16523;Burgess Meredith;0
16524;Thayer David;0
16525;Joe Spinell;2
16847;Eli Roth;0
16851;Josh Brolin;2
16857;Tom Everett Scott;0
16896;James Garner;2
16940;Jeremy Irons;0
16970;Ivana Baquero;1
16971;Maribel Verdú;1
16972;Sergi López;2
17005;Doug Jones;0
17006;Ariadna Gil;0
17007;Roger Casamajor;2
17142;Paul Dano;2
17183;Jackie Earle Haley;2
17199;Corey Johnson;0
17276;Gerard Butler;2
17288;Michael Fassbender;2
17401;Stephen Root;2
17538;Pîtâ;0
17651;Nicholas Colasanto;0
17652;Theresa Saldana;0
17653;Mario Gallo;0
17752;Donna Reed;1
17753;Lionel Barrymore;2
17755;Beulah Bondi;0
17759;Frank Faylen;0
17839;Pierfrancesco Favino;2
18023;Robert Carlyle;2
18288;Terrence Howard;2
18471;Anthony Anderson;2
18472;Kevin Corrigan;2
18760;Bee Duffell;0
18792;Delroy Lindo;2
18916;Kevin J. O'Connor;2
18917;Erick Avari;2
18997;Bryce Dallas Howard;1
18999;J.K. Simmons;2
19020;Walter Huston;0
19049;Masayuki Yui;0
19119;Mélanie Laurent;1
19278;Bill Hader;2
19370;Anne Le Ny;0
19426;Jackie Coogan;0
19492;Viola Davis;1
19498;Jon Bernthal;2
19587;Rumi Hiiragi;0
19588;Miyu Irino;0
19589;Mari Natsuki;1
19590;Takashi Naito;0
19591;Yasuko Sawaguchi;0
19592;Tatsuya Gashûin;0
19594;Yumi Tamai;0
19803;Leonardo Sbaraglia;0
19868;Paterson Joseph;2
19957;Wendy Crewson;1
20005;Moira Kelly;1
20030;Jacques Perrin;2
20089;Jena Malone;1
20258;Thure Lindhardt;2
20330;Yuriko Ishida;1
20331;Y?ko Tanaka;0
20332;Kaoru Kobayashi;2
20333;Masahiko Nishimura;2
20334;Tsunehiko Kamijô;2
20335;Tetsu Watanabe;0
20336;Mitsuru Satô;0
20337;Akira Nagoya;0
20338;Akihiro Miwa;0
20372;Edison Chen;0
20374;Teresa Palmer;1
20376;Sarah Roemer;0
20738;Song Kang-ho;2
20753;Fred Willard;2
20766;Richard E. Grant;2
20828;Yoshio Inaba;0
20829;Seiji Miyaguchi;0
20830;Isao Kimura;0
20831;Keiko Tsushima;1
20904;James Hong;2
21007;Jonah Hill;2
21125;Richard Kind;2
21134;John Slattery;2
21165;Kim Dickens;1
21215;Elise Neal;1
21301;Edna Purviance;1
21306;Albert Austin;2
21315;Eric Roberts;2
21345;Stephen Mangan;2
21657;Vera Farmiga;1
21687;Park Hae-Il;0
22227;Christopher Meloni;2
22703;Diana Körner;1
23626;Liev Schreiber;2
23628;Eriq La Salle;0
23696;Hannes Messemer;0
24045;Joseph Gordon-Levitt;2
24264;Craig Ferguson;2
24342;David Prowse;2
24343;Peter Mayhew;2
24366;Philippe Noiret;2
24811;Victor Buono;2
24813;David McCallum;2
24898;Nathan Jones;2
25072;Oscar Isaac;2
25219;César Vea;0
25246;Andy Lau;2
25503;Mandy Patinkin;2
25504;André the Giant;0
25616;Edgar Ramírez;2
25627;Hal Smith;2
25780;Pupella Maggio;0
26060;Hugh Keays-Byrne;2
26107;Alba Gaïa Kraghede Bellugi;1
26724;Eric Tsang;2
27030;Tom Gallop;0
27319;Christoph Waltz;2
27440;François Périer;2
27578;Ellen Page;1
27643;Marco Leonardi;2
27740;Walton Goggins;2
27762;Ian McDiarmid;2
27770;Dennis Christopher;0
28010;David Ogden Stiers;2
28066;Theo Lingen;0
28068;Fritz Odemar;0
28078;Aleksandr Kaydanovskiy;2
28079;Alisa Freyndlikh;1
28080;Natasha Abramova;0
28478;Christian McKay;0
28743;John Lynch;0
29177;Ernst Deutsch;0
29263;Arthur Hoyt;2
29431;Franco Balducci;0
29814;Mae Clarke;1
29903;Peter Finch;0
30002;Guy Kibbee;0
30155;Claudette Colbert;1
30156;Walter Connolly;2
30157;Roscoe Karns;0
30158;Jameson Thomas;2
30159;Blanche Friderici;0
30160;Charles C. Wilson;0
30194;Tiny Sandford;2
30195;Chester Conklin;2
30196;Stanley Blystone;0
30197;Richard Alexander;2
30198;Cecil Reynolds;0
30210;Jean Arthur;0
30211;Edward Arnold;2
30212;Harry Carey;0
30303;Bruce Bennett;2
30304;Alfonso Bedoya;2
30305;Arturo Soto Rangel;0
30306;Manuel Dondé;0
30307;José Torvay;0
30308;Margarito Luna;0
30614;Ryan Gosling;2
30719;Akim Tamiroff;2
30772;Nobuo Nakamura;0
31028;Richard Schiff;0
31070;Ryan O'Neal;0
31071;Marisa Berenson;1
31422;Ivan Massagué;0
31503;Bert Freed;0
31550;Joan Crawford;1
31649;Brooke Smith;1
31713;Brían F. O'Byrne;2
31718;Frank Middlemass;0
31719;Arthur O'Sullivan;0
31989;Amedeo Nazzari;0
32823;Gedeon Burkhard;0
33135;Chishû Ryû;0
33161;François Cluzet;0
33192;Joel Edgerton;0
33220;Percy Herbert;0
33278;H.B. Warner;0
33747;Joseph Calleia;0
33761;Isuzu Yamada;0
33763;Hiroshi Tachikawa;0
34374;Kyôko Kagawa;0
34375;Haruo Tanaka;2
34376;Nobuo Kaneko;0
34377;Bokuzen Hidari;0
34378;Miki Odagiri;0
34490;Sarah Paulson;1
35070;Akshay Kumar;2
35159;Laraine Newman;1
35743;Jaya Bachchan;0
35777;Kirron Kher;1
35779;Boman Irani;0
35780;Amitabh Bachchan;2
35781;Hema Malini;0
35782;Manoj Bajpayee;0
35792;Jimmy Shergill;0
36594;Juno Temple;1
37153;Zoë Kravitz;1
37233;Kareena Kapoor;1
37625;Andrew Garfield;2
37712;Dana Elcar;0
37777;Hardy Krüger;2
37821;Michael Conner Humphreys;0
37825;Afemo Omilami;2
37917;Kristen Stewart;1
38024;Cynthia Nixon;1
38526;Rémy Girard;2
39015;Eileen Brennan;1
39189;Stephen Merchant;2
39520;Garret Dillahunt;0
39545;Robert Taylor;2
39816;Ed Begley;2
39953;Jean Martin;0
40449;Mitsunori Isaki;0
40450;Yo Oizumi;2
40451;Akio Ohtsuka;2
40452;Daijiro Harada;0
40453;Haruko Kato;0
41091;Kristen Wiig;1
41226;Cyd Charisse;1
41249;Tess Harper;0
41421;Jennifer Morrison;1
41561;Kenneth Choi;2
41686;Neil Patrick Harris;2
41998;Gordon Jackson;0
42206;Matt McCoy;0
42208;Gulshan Grover;0
42416;Lamberto Maggiorani;0
42417;Enzo Staiola;1
42419;Lianella Carell;0
42421;Carlo Jachino;0
42423;Giulio Chiari;0
42642;John Benfield;0
42803;Ajay Devgn;2
43131;Gerard McSorley;0
45525;Mort Mills;0
46099;William Prince;2
46593;Emile Hirsch;2
46594;Brian H. Dierker;0
47156;Susse Wold;0
47879;John Savage;2
49895;Aldo Sambrell;2
49906;Ross Bagdasarian;2
50588;Bates Wilder;2
51549;Jordan Charney;0
51581;Clarence Gilyard Jr.;0
51636;Jacky Ido;0
51683;Jake McLaughlin;2
51732;Rodger Boyce;0
51864;Kasi Lemmons;1
51990;T.J. Miller;2
52564;Dillon Freasier;0
52565;Hope Elizabeth Reeves;0
52566;Colleen Foy;0
52639;Tom Wlaschiha;0
52657;Enzo Cannavale;0
52763;Aamir Khan;2
52764;Darsheel Safary;0
52766;Tisca Chopra;0
52768;Vipin Sharma;0
52770;Sachet Engineer;0
52771;Tanay Chheda;0
53010;John McIntire;2
53283;Jonathan Taylor Thomas;0
53454;Damon Gupton;0
53515;Beatie Edney;1
53650;Anthony Mackie;2
53651;Monique Gabriela Curnen;1
53668;David Willis;2
53669;Hans Howes;2
53672;Soha Ali Khan;0
53673;Alice Patten;0
53674;Sharman Joshi;0
53675;Kunal Kapoor;2
53676;Atul Kulkarni;0
53714;Rachel McAdams;1
54691;Christopher Mintz-Plasse;2
54693;Emma Stone;1
55062;Tabu;0
55662;Noriko Hidaka;0
55663;Hitoshi Takagi;0
55664;Chika Sakamoto;0
55665;Shigesato Itoi;2
55666;Tanie Kitabayashi;0
56043;Niketa Calame;0
56322;Amy Poehler;1
56890;Malcolm McDowell;2
57755;Woody Harrelson;2
58502;Natalie Dormer;1
58549;Bill Irwin;0
59174;America Ferrera;1
59214;Cas Anvar;2
59233;Scoot McNairy;2
59258;Lewis Black;2
59315;Olivia Wilde;1
60073;Brie Larson;1
60074;Jeff Garlin;0
61907;Luke Pegler;0
61981;Michael Clarke Duncan;2
62050;Paige O'Hara;1
63378;Carl Miller;0
63380;Beulah Bains;0
63381;Nellie Bly Baker;0
63382;F. Blinn;2
64712;Tom McCamus;0
64880;Choi Min-sik;2
65421;Elizabeth Rodriguez;1
65717;Jon Hamm;2
65731;Sam Worthington;2
65827;Keith David;2
66712;Wesley Addy;2
66713;Arthur Burghardt;0
66717;Anthony Wong;2
66981;Özge Özberk;0
68301;Will Sampson;0
68411;Sô Yamamura;2
68635;Salvatore Cascio;0
68812;Ed Asner;2
69310;Ricardo Darín;2
69378;Kim Sang-kyung;2
69379;Kim Roe-Ha;0
69415;Ernie Sabella;2
69423;Maureen Keiller;1
69597;Drew Barrymore;1
70083;Antonella Attili;0
70131;Tatsuya Nakadai;2
70132;Akira Terao;2
70133;Jinpachi Nezu;2
70134;Daisuke Ryû;0
70624;Neil Innes;0
70811;Yôko Tsukasa;1
71580;Benedict Cumberbatch;2
72270;Souleymane Dicko;2
72413;Tsutomu Tatsumi;0
72414;Ayano Shiraishi;0
72415;Yoshiko Shinohara;0
72416;Akemi Yamaguchi;0
72607;Mieko Harada;1
72730;Kelly Chen;1
72742;Barry Dennen;0
72754;Elissa Knight;0
72755;MacInTalk;0
73421;Joaquin Phoenix;2
73980;Patrick Allen;2
74303;Dreama Walker;1
74308;Christopher Carley;2
74309;Bee Vang;2
74312;Ahney Her;1
74568;Chris Hemsworth;2
75599;Jesse Corti;0
75620;Davenia McFadden;0
76109;Marie Jones;0
76789;Saurabh Shukla;0
77013;Deirdre O'Connell;1
77081;Gloria Grahame;1
77183;Oh Tae-kyung;2
77188;Oh Dal-su;2
77349;?ener ?en;0
77498;Lubna Azabal;0
77562;John Flaus;2
78320;Bryan Callen;2
78423;Omar Sy;2
78729;Nathan Lane;0
78869;Shawn Yue;2
78902;Frank Albertson;2
78922;Rajat Kapoor;0
80135;Rutanya Alda;0
80602;Tyler Perry;0
80676;Jordan Nagai;0
81685;Frank Grillo;2
81928;Anushka Sharma;1
83002;Jessica Chastain;1
83202;Seizaburô Kawazu;2
83872;Casey Wilson;1
84300;Chris Lowell;2
84490;David Kaye;2
84491;Elie Docter;0
84492;Jeremy Leary;0
84573;Mélissa Désormeaux-Poulin;1
85033;Paresh Rawal;0
85047;Nawazuddin Siddiqui;2
85240;Gracy Singh;0
85519;Madhavan;2
85655;Dharmendra;0
85730;Sunil Shetty;0
85881;Sanjay Dutt;2
85889;Arshad Warsi;0
85972;Kurush Deboo;0
85973;Yatin Karyekar;0
86019;Asrani;0
86057;Dinesh Hingoo;2
86086;Javed Jaffrey;0
86225;Reema Sen;1
86237;Joe Pingue;2
86253;Kali Prasad Mukherjee;0
86318;Sammi Cheng;0
86509;Sanjeev Kumar;0
86510;Amjad Khan;0
86890;Rukhsar;0
87007;Amy Wright;1
87388;Mohammad Amir Naji;0
87389;Amir Farrokh Hashemian;0
87518;Robin Hughes;0
87849;Namrata Shirodkar;0
88460;Anna Lee;0
88592;Maxim Gaudette;0
89837;John F. Hamilton;0
89968;Kazuhiko Inoue;0
91288;Etsuko Ichihara;1
92119;Larry Brandenburg;2
92416;Alexandra Rapaport;1
92731;Bethany Whitmore;1
92732;Renée Geyer;0
93210;Domhnall Gleeson;2
93389;Çetin Tekindor;0
93390;Fikret Kuskan;0
93407;Aleksei Kravchenko;2
93408;Olga Mironova;1
93409;Liubomiras Laucevicius;0
93622;Frank Cady;0
93647;Soledad Villamil;0
93648;Pablo Rago;0
93649;Javier Godino;0
93650;Guillermo Francella;0
94110;S.Z. Sakall;0
94169;John Berry;2
94864;Max Martini;2
94889;Joanna Moore;1
94892;Valentin de Vargas;0
95315;Roman Bohnen;0
95504;Setsuko Hara;1
95697;Dileep Rao;0
96552;Kamatari Fujiwara;2
96637;Hisashi Igawa;2
97257;Marjorie Bennett;1
98522;Riley Keough;1
99113;Rita Cortese;0
99711;Mona Singh;0
101015;Chin Han;0
102573;Frank Miller;0
103087;Maidie Norman;0
106165;Eijirô Tôno;2
106787;Özkan U?ur;0
107375;Joe Frazier;0
108055;Richard White;2
108216;Siddharth;2
109085;Ugur Yücel;0
109844;Byron Barr;0
110099;Satyendra Kapoor;0
110696;Bahare Seddiqi;0
112476;Dylan Minnette;0
113461;John Legend;2
113686;Jameel Khan;0
114811;Nancy Dupláa;1
115012;Binnur Kaya;0
116898;Blair Slater;0
116899;Ron Taylor;2
117081;Teresa Ganzel;0
117504;Yoon Jin-Seo;0
117671;Jerry Hausner;0
118742;Chapman To;2
119992;Leo Gullotta;2
120152;Agnese Nano;1
121038;Sara Berner;1
121323;Bess Flowers;1
122230;Elizabeth Regen;0
123226;Deepal Shaw;0
123228;Aamir Bashir;0
123230;Rohitash Gaud;2
123231;Vijay Bhatia;0
123317;Parikshat Sahni;0
124495;Lanny Joon;0
125167;Mindy Kaling;1
125357;Dorian Gray;0
126354;Tracy Reed;0
127790;Piyush Mishra;0
128674;Ennio Girolami;0
128704;Vivan Bhatena;0
128734;Amardeep Jha;0
129104;Melissa Benoist;1
130081;Robin Atkin Downes;2
130840;Thomas Jay Ryan;0
131013;Haruko Sugimura;0
131016;Kuniko Miyake;0
133859;Pierre Segui;0
134307;Chieko Higashiyama;1
136761;Nathalie Baye;0
138619;Philip McGrade;0
139096;Vladas Bagdonas;0
139491;Ji Dae-Han;0
140996;Brahim Hadjadj;2
141455;Érica Rivas;1
142469;Shirô Ôsaka;2
142855;Tuba Buyukustun;1
144160;Sean Bridgers;2
144992;Ciccio Barbi;0
145151;Bradley Pierce;0
145251;Shin'ichi Himori;0
145394;Hümeyra;1
145628;Shriya Saran;1
146859;Erni Mangold;1
149979;Connie Booth;1
150471;Richa Chadda;0
153365;Anne Barton;0
159366;Kavita Patil;1
161738;Georgine Darcy;0
166789;Dick Smothers;0
168877;Finn Wittrock;2
169200;Phyllis Smith;1
169201;Omi Vaidya;0
170970;Rex Everhart;0
171056;John Heffernan;0
171117;Janet Sarno;0
175829;Brian d'Arcy James;2
177765;Daniel Davis;0
196502;Paula Poundstone;1
196737;Allen Altman;0
204997;Hanna Hall;0
218000;Ian 'Molly' Meldrum;0
218254;Julie Forsyth;0
218899;John Dunn-Hill;2
219708;Audrey Fleurot;1
219738;Paul Kemp;0
223012;Jayson Blair;0
225730;Ryunosuke Kamiki;2
229933;Shahab Hosseini;2
230969;A.K. Hangal;0
234352;Margot Robbie;1
236048;Rosie Huntington-Whiteley;1
236115;Elva Hsiao;0
236695;John Boyega;2
237362;Yoshiko Miyazaki;0
240171;Gordon Liu Chia-Hui;0
240240;Leila Hatami;0
240242;Kimia Hosseini;0
240243;Merila Zarei;0
241930;Dominique Briand;0
333422;Marie-Laure Descoureaux;0
467633;Adepero Oduye;0
467645;Boyd Holbrook;2
528638;Mumaith Khan;0
543085;Franca Marzi;1
545084;Tigmanshu Dhulia;0
553286;Masashi Hirose;0
554250;Yukiko Shimazaki;0
554330;Lee Seung-Shin;0
554423;Koba Hayashi;0
557864;Yacef Saadi;0
557865;Ugo Paletti;0
557932;Robbie Sublett;0
559566;Peyman Moaadi;0
559567;Sareh Bayat;0
559568;Ali-Asghar Shahbazi;0
559569;Shirin Yazdanbakhsh;0
581728;Cyril Mendy;0
581729;Christian Ameri;0
587090;Girish Kulkarni;2
588175;Lars Ranthe;0
589387;Gunnel Broström;0
589670;Tony Galento;0
592709;Manolo Solo;0
592718;Frédéric Paquet;0
601881;Ram Sethi;0
618699;Jagdeep;0
851784;Mackenzie Foy;1
897996;Girija Oak;0
933880;George Leigh;0
936275;Aoi Yuki;1
944148;Gino Saltamerenda;0
950960;Fausto Guerzoni;0
968350;Carla Quevedo;1
968351;Bárbara Palladino;0
968353;Alejandro Abelenda;0
970213;Abdelghafour Elaaziz;0
970216;Austin Stowell;2
972356;Luke Bracey;0
972459;Sam Sheridan;0
973402;Jaideep Ahlawat;0
974973;Elena Altieri;0
975006;Vittorio Antonucci;0
975569;Joseph Melito;0
977543;Carl J. Matusovich;0
977544;Tami Mauriello;0
980381;Minosuke Yamada;0
994248;Jeon Mi-seon;0
996701;Miles Teller;2
999605;Ahna O'Reilly;0
1002925;Joe Cheung Tung-Cho;0
1006721;Charles Scorsese;2
1014911;Isa Danieli;0
1016168;Lily James;1
1016570;Mario Alarcón;0
1018947;Maximiliano Hernández;2
1019259;Christiane Kubrick;0
1023139;Adam Driver;2
1029121;Armine Zeytounchian ;0
1034508;Ole Dupont;0
1036288;Abbey Lee;1
1041513;Eddie Baker;2
1046204;Fatima Sana Shaikh;1
1046811;Julie Allred;0
1051297;María Onetto;1
1055191;Fusia El Kader;0
1056053;Josh Helman;2
1067187;David Steen;0
1075445;John Boxer;0
1077237;Daniel Couturier;0
1077247;Samia Kerbash;0
1077248;Mohamed Ben Kassen;0
1077249;Michele Sakara;0
1077325;Eddie Powell;2
1080904;Song Jae-ho ;0
1106256;Angelica Page;1
1108805;Huma Qureshi;1
1112385;Annika Wedderkopp;1
1116442;John Morris;0
1117889;Park No-shik;0
1121643;Makoto Kobori;0
1130467;Buster Brodie;0
1133063;Dana Gourrier;0
1136675;Kamran Usluer;0
1139165;Luis Rodríguez;0
1141703;Mohammad Sajadian;0
1148003;Mama Hung;0
1148739;Jüri Lumiste;2
1148740;Viktor Lorents;0
1148741;Kazimir Rabetsky;0
1148742;Yevgeni Tilicheyev;0
1148743;Aleksandr Berda;0
1150158;Ahmad Massad;0
1152705;James Dime;2
1158532;Tora Hallström;0
1159982;Ansel Elgort;2
1171233;Eric Challier;2
1179460;Pankaj Tripathi;0
1186505;Emily Ratajkowski;1
1188827;Lasse Fogelstrøm;0
1190668;Timothée Chalamet;2
1190992;Nikolay Grinko;2
1191198;Rolan Bykov;0
1192902;Sushant Singh Rajput;2
1208406;Zoë Borde;1
1210634;Nobunaga Shimazaki;0
1211946;P. J. Byrne;2
1213279;Ryan Corr;0
1214863;Christopher Massey;2
1217924;Leo Britt;0
1222806;Richard Kuss;0
1222992;Eiza González;1
1232496;William Hill;0
1232769;Amanda Brugel;1
1238200;Sakshi Tanwar;0
1245394;Socorro Valdez;0
1255526;Sachin Parikh;0
1258891;Ye?im Salk?m;0
1267329;Lupita Nyong'o;1
1269183;Harry Arras;0
1273540;Aaron Michael Lacey;0
1277188;Jacob Tremblay;2
1278188;Choi Jong-ryol;0
1291350;Tony Revolori;2
1299313;Kim Byeong-ok;2
1299317;Kang Hye-jung;1
1308445;Carrie Coon;1
1315036;Daisy Ridley;1
1318428;Seo-hie Ko;0
1324666;Kaito Ishikawa;2
1331799;Rudy Romano;0
1332529;Frank Berry;0
1332746;Brian Sacca;0
1338708;Charles Force;0
1344919;Tani Kanon;1
1362976;J.C. Fowler;0
1369100;Mone Kamishiraishi;1
1371894;Kaitlyn Dias;0
1383768;Necdet Mahfi Ayral;0
1406690;G. Velts;0
1411815;Salimata Kamate;1
1427114;Pauline Suen;0
1427680;Jessica Rothe;1
1451540;Nate Lang;0
1457238;Sonoya Mizuno;1
1464650;Dafne Keen;1
1468722;The Singer Midgets;0
1482975;Jeni Vici;0
1482976;Sally Norvell;0
1486488;Callie Hernandez;1
1510525;Gene Wesson;0
1519186;Bugs Bhargava;0
1527501;Ishita Dutta;0
1558263;Julie Araskog;0
1580598;Samantha Mahurin;1
1616703;Gene Amoroso;0
1635143;CJ Jones;0
1637692;Gaurav Kapoor;2
1637704;Chetan Pandit;2
1661765;Shankar Sachdev;0
1661766;Lalita Lajmi;0
1668610;Ryou Narita;2
1686569;Colin James Mackey;0
1700403;Billy Gray;0
1756851;Sanya Malhotra;0
1756862;Zaira Wasim;1
1756864;Suhani Bhatnagar;0
1756890;Aparshakti Khurana;0
1788166;Quincy Fouse;0
9999990;Emkjoew Remove;2